{
  "Author": "MidoriKami, translated by cyf5119 & Yimo",
  "Name": "Mappy",
  "InternalName": "Mappy",
  "AssemblyVersion": "3.1.6.12",
  "Description": "将游戏中的地图替换为具有几个附加功能的 ImGui 实现。",
  "ApplicableVersion": "any",
  "RepoUrl": "https://github.com/yimo0908/Mappy",
  "Tags": [
    "map",
    "mapping",
    "overlay",
    "utility"
  ],
  "DalamudApiLevel": 13,
  "LoadRequiredState": 0,
  "LoadSync": false,
  "CanUnloadAsync": false,
  "LoadPriority": 0,
  "Punchline": "更通用的游戏内地图",
  "AcceptsFeedback": false
}