Collection,ItemId,SourceId,SourceDescription
Bardings,24800,595,Kugane Ohashi
Bardings,32824,760,Delubrum Reginae
Emotes,24222,268,The Lost Canals of Uznair
Emotes,24222,586,The Shifting Altars of Uznair
Emotes,32830,745,The Shifting Oubliettes of Lyhe Ghiah
Glamour,34926,791,The Minstrel's Ballad: Hydaelyn's Call
Glamour,34927,791,The Minstrel's Ballad: Hydaelyn's Call
Glamour,34928,791,The Minstrel's Ballad: Hydaelyn's Call
Glamour,34929,791,The Minstrel's Ballad: Hydaelyn's Call
Glamour,34930,791,The Minstrel's Ballad: Hydaelyn's Call
Glamour,34931,791,The Minstrel's Ballad: Hydaelyn's Call
Glamour,34932,791,The Minstrel's Ballad: Hydaelyn's Call
Glamour,34933,791,The Minstrel's Ballad: Hydaelyn's Call
Glamour,34934,791,The Minstrel's Ballad: Hydaelyn's Call
Glamour,34935,791,The Minstrel's Ballad: Hydaelyn's Call
Glamour,34936,791,The Minstrel's Ballad: Hydaelyn's Call
Glamour,34937,791,The Minstrel's Ballad: Hydaelyn's Call
Glamour,34938,791,The Minstrel's Ballad: Hydaelyn's Call
Glamour,34939,791,The Minstrel's Ballad: Hydaelyn's Call
Glamour,34940,791,The Minstrel's Ballad: Hydaelyn's Call
Glamour,34941,791,The Minstrel's Ballad: Hydaelyn's Call
Glamour,34942,791,The Minstrel's Ballad: Hydaelyn's Call
Glamour,35246,801,Asphodelos: The Fourth Circle (Savage)
Glamour,35247,801,Asphodelos: The Fourth Circle (Savage)
Glamour,35248,801,Asphodelos: The Fourth Circle (Savage)
Glamour,35249,801,Asphodelos: The Fourth Circle (Savage)
Glamour,35250,801,Asphodelos: The Fourth Circle (Savage)
Glamour,35251,801,Asphodelos: The Fourth Circle (Savage)
Glamour,35252,801,Asphodelos: The Fourth Circle (Savage)
Glamour,35253,801,Asphodelos: The Fourth Circle (Savage)
Glamour,35254,801,Asphodelos: The Fourth Circle (Savage)
Glamour,35255,801,Asphodelos: The Fourth Circle (Savage)
Glamour,35256,801,Asphodelos: The Fourth Circle (Savage)
Glamour,35257,801,Asphodelos: The Fourth Circle (Savage)
Glamour,35258,801,Asphodelos: The Fourth Circle (Savage)
Glamour,35259,801,Asphodelos: The Fourth Circle (Savage)
Glamour,35260,801,Asphodelos: The Fourth Circle (Savage)
Glamour,35261,801,Asphodelos: The Fourth Circle (Savage)
Glamour,35262,801,Asphodelos: The Fourth Circle (Savage)
Glamour,35263,801,Asphodelos: The Fourth Circle (Savage)
Glamour,36924,846,The Minstrel's Ballad: Endsinger's Aria
Glamour,36925,846,The Minstrel's Ballad: Endsinger's Aria
Glamour,36926,846,The Minstrel's Ballad: Endsinger's Aria
Glamour,36927,846,The Minstrel's Ballad: Endsinger's Aria
Glamour,36928,846,The Minstrel's Ballad: Endsinger's Aria
Glamour,36930,846,The Minstrel's Ballad: Endsinger's Aria
Glamour,36931,846,The Minstrel's Ballad: Endsinger's Aria
Glamour,36932,846,The Minstrel's Ballad: Endsinger's Aria
Glamour,36934,846,The Minstrel's Ballad: Endsinger's Aria
Glamour,36935,846,The Minstrel's Ballad: Endsinger's Aria
Glamour,36937,846,The Minstrel's Ballad: Endsinger's Aria
Glamour,36938,846,The Minstrel's Ballad: Endsinger's Aria
Glamour,36939,846,The Minstrel's Ballad: Endsinger's Aria
Glamour,36940,846,The Minstrel's Ballad: Endsinger's Aria
Glamour,36941,846,The Minstrel's Ballad: Endsinger's Aria
Glamour,37131,866,Aglaia
Glamour,37132,866,Aglaia
Glamour,37133,866,Aglaia
Glamour,37134,866,Aglaia
Glamour,37135,866,Aglaia
Glamour,37136,866,Aglaia
Glamour,37137,866,Aglaia
Glamour,37138,866,Aglaia
Glamour,37139,866,Aglaia
Glamour,37140,866,Aglaia
Glamour,37141,866,Aglaia
Glamour,37142,866,Aglaia
Glamour,37143,866,Aglaia
Glamour,37144,866,Aglaia
Glamour,37145,866,Aglaia
Glamour,37146,866,Aglaia
Glamour,37147,866,Aglaia
Glamour,37148,866,Aglaia
Glamour,37149,866,Aglaia
Glamour,37150,866,Aglaia
Glamour,37151,866,Aglaia
Glamour,37152,866,Aglaia
Glamour,37153,866,Aglaia
Glamour,37155,866,Aglaia
Glamour,37156,866,Aglaia
Glamour,37157,866,Aglaia
Glamour,37158,866,Aglaia
Glamour,37159,866,Aglaia
Glamour,37160,866,Aglaia
Glamour,37161,866,Aglaia
Glamour,37162,866,Aglaia
Glamour,37163,866,Aglaia
Glamour,37164,866,Aglaia
Glamour,37165,866,Aglaia
Glamour,37166,844,Alzadaal's Legacy (Duty)
Glamour,37167,844,Alzadaal's Legacy (Duty)
Glamour,37168,844,Alzadaal's Legacy (Duty)
Glamour,37170,844,Alzadaal's Legacy (Duty)
Glamour,37172,844,Alzadaal's Legacy (Duty)
Glamour,37173,844,Alzadaal's Legacy (Duty)
Glamour,37174,844,Alzadaal's Legacy (Duty)
Glamour,37175,844,Alzadaal's Legacy (Duty)
Glamour,37176,844,Alzadaal's Legacy (Duty)
Glamour,37178,844,Alzadaal's Legacy (Duty)
Glamour,37179,844,Alzadaal's Legacy (Duty)
Glamour,37180,844,Alzadaal's Legacy (Duty)
Glamour,37181,844,Alzadaal's Legacy (Duty)
Glamour,37182,844,Alzadaal's Legacy (Duty)
Glamour,37184,844,Alzadaal's Legacy (Duty)
Glamour,37185,844,Alzadaal's Legacy (Duty)
Glamour,37186,844,Alzadaal's Legacy (Duty)
Glamour,37187,844,Alzadaal's Legacy (Duty)
Glamour,37188,844,Alzadaal's Legacy (Duty)
Glamour,37190,844,Alzadaal's Legacy (Duty)
Glamour,37191,844,Alzadaal's Legacy (Duty)
Glamour,37192,844,Alzadaal's Legacy (Duty)
Glamour,37193,844,Alzadaal's Legacy (Duty)
Glamour,37194,844,Alzadaal's Legacy (Duty)
Glamour,37196,844,Alzadaal's Legacy (Duty)
Glamour,37197,844,Alzadaal's Legacy (Duty)
Glamour,37198,844,Alzadaal's Legacy (Duty)
Glamour,37199,844,Alzadaal's Legacy (Duty)
Glamour,37200,844,Alzadaal's Legacy (Duty)
Glamour,37202,844,Alzadaal's Legacy (Duty)
Glamour,37203,844,Alzadaal's Legacy (Duty)
Glamour,37204,844,Alzadaal's Legacy (Duty)
Glamour,37205,844,Alzadaal's Legacy (Duty)
Glamour,37206,844,Alzadaal's Legacy (Duty)
Glamour,37857,871,Storm's Crown (Extreme)
Glamour,37858,871,Storm's Crown (Extreme)
Glamour,37859,871,Storm's Crown (Extreme)
Glamour,37861,871,Storm's Crown (Extreme)
Glamour,37862,871,Storm's Crown (Extreme)
Glamour,37863,871,Storm's Crown (Extreme)
Glamour,37864,871,Storm's Crown (Extreme)
Glamour,37866,871,Storm's Crown (Extreme)
Glamour,37867,871,Storm's Crown (Extreme)
Glamour,37871,871,Storm's Crown (Extreme)
Glamour,37873,871,Storm's Crown (Extreme)
Glamour,37874,871,Storm's Crown (Extreme)
Glamour,38082,884,Abyssos: The Eighth Circle (Savage)
Glamour,38083,884,Abyssos: The Eighth Circle (Savage)
Glamour,38084,884,Abyssos: The Eighth Circle (Savage)
Glamour,38085,884,Abyssos: The Eighth Circle (Savage)
Glamour,38086,884,Abyssos: The Eighth Circle (Savage)
Glamour,38087,884,Abyssos: The Eighth Circle (Savage)
Glamour,38088,884,Abyssos: The Eighth Circle (Savage)
Glamour,38089,884,Abyssos: The Eighth Circle (Savage)
Glamour,38090,884,Abyssos: The Eighth Circle (Savage)
Glamour,38091,884,Abyssos: The Eighth Circle (Savage)
Glamour,38093,884,Abyssos: The Eighth Circle (Savage)
Glamour,38094,884,Abyssos: The Eighth Circle (Savage)
Glamour,38095,884,Abyssos: The Eighth Circle (Savage)
Glamour,38096,884,Abyssos: The Eighth Circle (Savage)
Glamour,38097,884,Abyssos: The Eighth Circle (Savage)
Glamour,38098,884,Abyssos: The Eighth Circle (Savage)
Glamour,38099,884,Abyssos: The Eighth Circle (Savage)
Glamour,38156,869,The Fell Court of Troia
Glamour,38157,869,The Fell Court of Troia
Glamour,38158,869,The Fell Court of Troia
Glamour,38159,869,The Fell Court of Troia
Glamour,38160,869,The Fell Court of Troia
Glamour,38161,869,The Fell Court of Troia
Glamour,38162,869,The Fell Court of Troia
Glamour,38163,869,The Fell Court of Troia
Glamour,38164,869,The Fell Court of Troia
Glamour,38165,869,The Fell Court of Troia
Glamour,38166,869,The Fell Court of Troia
Glamour,38167,869,The Fell Court of Troia
Glamour,38169,869,The Fell Court of Troia
Glamour,38170,869,The Fell Court of Troia
Glamour,38171,869,The Fell Court of Troia
Glamour,38172,869,The Fell Court of Troia
Glamour,38173,869,The Fell Court of Troia
Glamour,38174,869,The Fell Court of Troia
Glamour,38175,869,The Fell Court of Troia
Glamour,38176,869,The Fell Court of Troia
Glamour,38177,869,The Fell Court of Troia
Glamour,38179,869,The Fell Court of Troia
Glamour,38180,869,The Fell Court of Troia
Glamour,38181,869,The Fell Court of Troia
Glamour,38182,869,The Fell Court of Troia
Glamour,38183,869,The Fell Court of Troia
Glamour,38184,869,The Fell Court of Troia
Glamour,38185,869,The Fell Court of Troia
Glamour,38187,869,The Fell Court of Troia
Glamour,38188,869,The Fell Court of Troia
Glamour,38189,869,The Fell Court of Troia
Glamour,38190,869,The Fell Court of Troia
Glamour,38957,896,Lapis Manalis
Glamour,38958,896,Lapis Manalis
Glamour,38959,896,Lapis Manalis
Glamour,38960,896,Lapis Manalis
Glamour,38961,896,Lapis Manalis
Glamour,38962,896,Lapis Manalis
Glamour,38963,896,Lapis Manalis
Glamour,38964,896,Lapis Manalis
Glamour,38965,896,Lapis Manalis
Glamour,38966,896,Lapis Manalis
Glamour,38967,896,Lapis Manalis
Glamour,38968,896,Lapis Manalis
Glamour,38969,896,Lapis Manalis
Glamour,38970,896,Lapis Manalis
Glamour,38971,896,Lapis Manalis
Glamour,38972,896,Lapis Manalis
Glamour,38973,896,Lapis Manalis
Glamour,38974,896,Lapis Manalis
Glamour,38975,896,Lapis Manalis
Glamour,38976,896,Lapis Manalis
Glamour,38977,896,Lapis Manalis
Glamour,38978,896,Lapis Manalis
Glamour,38979,896,Lapis Manalis
Glamour,38980,896,Lapis Manalis
Glamour,38981,896,Lapis Manalis
Glamour,38982,896,Lapis Manalis
Glamour,38983,896,Lapis Manalis
Glamour,38984,896,Lapis Manalis
Glamour,38985,896,Lapis Manalis
Glamour,38986,896,Lapis Manalis
Glamour,38987,896,Lapis Manalis
Glamour,38988,896,Lapis Manalis
Glamour,38989,896,Lapis Manalis
Glamour,38990,896,Lapis Manalis
Glamour,38991,896,Lapis Manalis
Glamour,39091,911,Euphrosyne
Glamour,39092,911,Euphrosyne
Glamour,39095,911,Euphrosyne
Glamour,39096,911,Euphrosyne
Glamour,39097,911,Euphrosyne
Glamour,39099,911,Euphrosyne
Glamour,39100,911,Euphrosyne
Glamour,39102,911,Euphrosyne
Glamour,39103,911,Euphrosyne
Glamour,39104,911,Euphrosyne
Glamour,39105,911,Euphrosyne
Glamour,39106,911,Euphrosyne
Glamour,39107,911,Euphrosyne
Glamour,39108,911,Euphrosyne
Glamour,39110,911,Euphrosyne
Glamour,39111,911,Euphrosyne
Glamour,39112,911,Euphrosyne
Glamour,39115,911,Euphrosyne
Glamour,39116,911,Euphrosyne
Glamour,39117,911,Euphrosyne
Glamour,39118,911,Euphrosyne
Glamour,39119,911,Euphrosyne
Glamour,39120,911,Euphrosyne
Glamour,39121,911,Euphrosyne
Glamour,39122,911,Euphrosyne
Glamour,39125,924,Mount Ordeals (Extreme)
Glamour,39126,924,Mount Ordeals (Extreme)
Glamour,39127,924,Mount Ordeals (Extreme)
Glamour,39128,924,Mount Ordeals (Extreme)
Glamour,39129,924,Mount Ordeals (Extreme)
Glamour,39131,924,Mount Ordeals (Extreme)
Glamour,39132,924,Mount Ordeals (Extreme)
Glamour,39135,924,Mount Ordeals (Extreme)
Glamour,39136,924,Mount Ordeals (Extreme)
Glamour,39137,924,Mount Ordeals (Extreme)
Glamour,39138,924,Mount Ordeals (Extreme)
Glamour,39139,924,Mount Ordeals (Extreme)
Glamour,39140,924,Mount Ordeals (Extreme)
Glamour,39141,924,Mount Ordeals (Extreme)
Glamour,39142,924,Mount Ordeals (Extreme)
Glamour,39184,897,Eureka Orthos
Glamour,39185,897,Eureka Orthos
Glamour,39186,897,Eureka Orthos
Glamour,39187,897,Eureka Orthos
Glamour,39188,897,Eureka Orthos
Glamour,39189,897,Eureka Orthos
Glamour,39190,897,Eureka Orthos
Glamour,39192,897,Eureka Orthos
Glamour,39193,897,Eureka Orthos
Glamour,39194,897,Eureka Orthos
Glamour,39195,897,Eureka Orthos
Glamour,39196,897,Eureka Orthos
Glamour,39197,897,Eureka Orthos
Glamour,39198,897,Eureka Orthos
Glamour,39199,897,Eureka Orthos
Glamour,39200,897,Eureka Orthos
Glamour,39201,897,Eureka Orthos
Glamour,39202,897,Eureka Orthos
Glamour,39203,897,Eureka Orthos
Glamour,39204,897,Eureka Orthos
Glamour,39205,897,Eureka Orthos
Glamour,39206,897,Eureka Orthos
Glamour,39207,897,Eureka Orthos
Glamour,39208,897,Eureka Orthos
Glamour,39209,897,Eureka Orthos
Glamour,39210,897,Eureka Orthos
Glamour,39211,897,Eureka Orthos
Glamour,39212,897,Eureka Orthos
Glamour,39213,897,Eureka Orthos
Glamour,39214,897,Eureka Orthos
Glamour,39215,897,Eureka Orthos
Glamour,39216,897,Eureka Orthos
Glamour,39217,897,Eureka Orthos
Glamour,39218,897,Eureka Orthos
Glamour,39219,897,Eureka Orthos
Glamour,39220,897,Eureka Orthos
Glamour,39221,897,Eureka Orthos
Glamour,39222,897,Eureka Orthos
Glamour,39223,897,Eureka Orthos
Glamour,39941,950,The Voidcast Dais (Extreme)
Glamour,39942,950,The Voidcast Dais (Extreme)
Glamour,39943,950,The Voidcast Dais (Extreme)
Glamour,39944,950,The Voidcast Dais (Extreme)
Glamour,39945,950,The Voidcast Dais (Extreme)
Glamour,39946,950,The Voidcast Dais (Extreme)
Glamour,39947,950,The Voidcast Dais (Extreme)
Glamour,39948,950,The Voidcast Dais (Extreme)
Glamour,39949,950,The Voidcast Dais (Extreme)
Glamour,39950,950,The Voidcast Dais (Extreme)
Glamour,39951,950,The Voidcast Dais (Extreme)
Glamour,39952,950,The Voidcast Dais (Extreme)
Glamour,39953,950,The Voidcast Dais (Extreme)
Glamour,39954,950,The Voidcast Dais (Extreme)
Glamour,39955,950,The Voidcast Dais (Extreme)
Glamour,39956,950,The Voidcast Dais (Extreme)
Glamour,39957,950,The Voidcast Dais (Extreme)
Glamour,39958,950,The Voidcast Dais (Extreme)
Glamour,40165,943,Anabaseios: The Twelfth Circle (Savage)
Glamour,40166,943,Anabaseios: The Twelfth Circle (Savage)
Glamour,40168,943,Anabaseios: The Twelfth Circle (Savage)
Glamour,40169,943,Anabaseios: The Twelfth Circle (Savage)
Glamour,40170,943,Anabaseios: The Twelfth Circle (Savage)
Glamour,40171,943,Anabaseios: The Twelfth Circle (Savage)
Glamour,40172,943,Anabaseios: The Twelfth Circle (Savage)
Glamour,40173,943,Anabaseios: The Twelfth Circle (Savage)
Glamour,40174,943,Anabaseios: The Twelfth Circle (Savage)
Glamour,40176,943,Anabaseios: The Twelfth Circle (Savage)
Glamour,40177,943,Anabaseios: The Twelfth Circle (Savage)
Glamour,40178,943,Anabaseios: The Twelfth Circle (Savage)
Glamour,40179,943,Anabaseios: The Twelfth Circle (Savage)
Glamour,40180,943,Anabaseios: The Twelfth Circle (Savage)
Glamour,40181,943,Anabaseios: The Twelfth Circle (Savage)
Glamour,40182,943,Anabaseios: The Twelfth Circle (Savage)
Glamour,40240,822,The Aetherfont
Glamour,40241,822,The Aetherfont
Glamour,40242,822,The Aetherfont
Glamour,40243,822,The Aetherfont
Glamour,40244,822,The Aetherfont
Glamour,40246,822,The Aetherfont
Glamour,40247,822,The Aetherfont
Glamour,40248,822,The Aetherfont
Glamour,40249,822,The Aetherfont
Glamour,40251,822,The Aetherfont
Glamour,40252,822,The Aetherfont
Glamour,40253,822,The Aetherfont
Glamour,40254,822,The Aetherfont
Glamour,40255,822,The Aetherfont
Glamour,40256,822,The Aetherfont
Glamour,40257,822,The Aetherfont
Glamour,40258,822,The Aetherfont
Glamour,40260,822,The Aetherfont
Glamour,40261,822,The Aetherfont
Glamour,40262,822,The Aetherfont
Glamour,40263,822,The Aetherfont
Glamour,40264,822,The Aetherfont
Glamour,40265,822,The Aetherfont
Glamour,40266,822,The Aetherfont
Glamour,40267,822,The Aetherfont
Glamour,40268,822,The Aetherfont
Glamour,40269,822,The Aetherfont
Glamour,40270,822,The Aetherfont
Glamour,40271,822,The Aetherfont
Glamour,40272,822,The Aetherfont
Glamour,40273,822,The Aetherfont
Glamour,40765,823,The Lunar Subterrane
Glamour,40766,823,The Lunar Subterrane
Glamour,40767,823,The Lunar Subterrane
Glamour,40768,823,The Lunar Subterrane
Glamour,40769,823,The Lunar Subterrane
Glamour,40770,823,The Lunar Subterrane
Glamour,40771,823,The Lunar Subterrane
Glamour,40772,823,The Lunar Subterrane
Glamour,40773,823,The Lunar Subterrane
Glamour,40774,823,The Lunar Subterrane
Glamour,40775,823,The Lunar Subterrane
Glamour,40776,823,The Lunar Subterrane
Glamour,40777,823,The Lunar Subterrane
Glamour,40778,823,The Lunar Subterrane
Glamour,40779,823,The Lunar Subterrane
Glamour,40780,823,The Lunar Subterrane
Glamour,40781,823,The Lunar Subterrane
Glamour,40782,823,The Lunar Subterrane
Glamour,40783,823,The Lunar Subterrane
Glamour,40784,823,The Lunar Subterrane
Glamour,40785,823,The Lunar Subterrane
Glamour,40786,823,The Lunar Subterrane
Glamour,40787,823,The Lunar Subterrane
Glamour,40788,823,The Lunar Subterrane
Glamour,40789,823,The Lunar Subterrane
Glamour,40790,823,The Lunar Subterrane
Glamour,40791,823,The Lunar Subterrane
Glamour,40792,823,The Lunar Subterrane
Glamour,40793,823,The Lunar Subterrane
Glamour,40794,823,The Lunar Subterrane
Glamour,40795,823,The Lunar Subterrane
Glamour,40796,823,The Lunar Subterrane
Glamour,40797,823,The Lunar Subterrane
Glamour,40798,823,The Lunar Subterrane
Glamour,40799,823,The Lunar Subterrane
Glamour,40897,962,Thaleia
Glamour,40898,962,Thaleia
Glamour,40899,962,Thaleia
Glamour,40900,962,Thaleia
Glamour,40901,962,Thaleia
Glamour,40902,962,Thaleia
Glamour,40903,962,Thaleia
Glamour,40904,962,Thaleia
Glamour,40905,962,Thaleia
Glamour,40907,962,Thaleia
Glamour,40908,962,Thaleia
Glamour,40909,962,Thaleia
Glamour,40910,962,Thaleia
Glamour,40911,962,Thaleia
Glamour,40912,962,Thaleia
Glamour,40913,962,Thaleia
Glamour,40914,962,Thaleia
Glamour,40915,962,Thaleia
Glamour,40917,962,Thaleia
Glamour,40918,962,Thaleia
Glamour,40920,962,Thaleia
Glamour,40921,962,Thaleia
Glamour,40922,962,Thaleia
Glamour,40923,962,Thaleia
Glamour,40924,962,Thaleia
Glamour,40925,962,Thaleia
Glamour,40926,962,Thaleia
Glamour,40927,962,Thaleia
Glamour,40929,962,Thaleia
Glamour,40930,962,Thaleia
Glamour,40931,962,Thaleia
Glamour,41035,965,The Abyssal Fracture (Extreme)
Glamour,41036,965,The Abyssal Fracture (Extreme)
Glamour,41037,965,The Abyssal Fracture (Extreme)
Glamour,41038,965,The Abyssal Fracture (Extreme)
Glamour,41039,965,The Abyssal Fracture (Extreme)
Glamour,41040,965,The Abyssal Fracture (Extreme)
Glamour,41041,965,The Abyssal Fracture (Extreme)
Glamour,41042,965,The Abyssal Fracture (Extreme)
Glamour,41043,965,The Abyssal Fracture (Extreme)
Glamour,41046,965,The Abyssal Fracture (Extreme)
Glamour,41047,965,The Abyssal Fracture (Extreme)
Glamour,41048,965,The Abyssal Fracture (Extreme)
Glamour,41049,965,The Abyssal Fracture (Extreme)
Glamour,41050,965,The Abyssal Fracture (Extreme)
Glamour,41051,965,The Abyssal Fracture (Extreme)
Minions,6173,5,The Aurum Vale
Minions,6177,179,The Aquapolis
Minions,6188,179,The Aquapolis
Minions,6205,14,Amdapor Keep
Minions,6208,18,Copperbell Mines (Hard)
Minions,7566,179,The Aquapolis
Minions,8202,179,The Aquapolis
Minions,8205,23,Hullbreaker Isle
Minions,9349,179,The Aquapolis
Minions,9349,26,The Sunken Temple of Qarn (Hard)
Minions,10072,111,The World of Darkness
Minions,12049,179,The Aquapolis
Minions,12049,34,The Vault
Minions,12052,179,The Aquapolis
Minions,12052,35,The Fractal Continuum
Minions,12053,33,Neverreap
Minions,12053,179,The Aquapolis
Minions,12054,37,Sohm Al
Minions,12054,179,The Aquapolis
Minions,12056,39,The Aery
Minions,12056,179,The Aquapolis
Minions,12057,179,The Aquapolis
Minions,12057,31,The Great Gubal Library
Minions,13275,179,The Aquapolis
Minions,13283,41,Saint Mocianne's Arboretum
Minions,14097,150,Alexander - The Burden of the Son (Savage)
Minions,14098,141,The Antitower
Minions,14099,141,The Antitower
Minions,14100,140,The Lost City of Amdapor (Hard)
Minions,15440,172,Hullbreaker Isle (Hard)
Minions,15447,179,The Aquapolis
Minions,16572,182,Xelphatol
Minions,16574,189,Alexander - The Soul of the Creator
Minions,16574,193,Alexander - The Soul of the Creator (Savage)
Minions,17525,219,Baelsar's Wall
Minions,20529,235,Shisui of the Violet Tides
Minions,20531,240,Bardam's Mettle
Minions,20538,236,The Temple of the Fist
Minions,20541,242,Castrum Abania
Minions,20542,238,The Sirensong Sea
Minions,21193,279,The Drowned City of Skalla
Minions,21911,284,Hells' Lid (Duty)
Minions,21922,276,The Hidden Canals of Uznair
Minions,22602,475,The Great Hunt (Extreme)
Minions,23027,581,"The Forbidden Land, Eureka Pagos"
Minions,23031,550,The Ridorana Lighthouse
Minions,23032,536,The Swallow's Compass (Duty)
Minions,23991,590,Alphascape V4.0
Minions,23991,594,Alphascape V4.0 (Savage)
Minions,23998,584,Saint Mocianne's Arboretum (Hard)
Minions,24002,276,The Hidden Canals of Uznair
Minions,24002,268,The Lost Canals of Uznair
Minions,24002,586,The Shifting Altars of Uznair
Minions,24903,276,The Hidden Canals of Uznair
Minions,24903,268,The Lost Canals of Uznair
Minions,24903,586,The Shifting Altars of Uznair
Minions,26787,676,Holminster Switch
Minions,26788,651,The Qitana Ravel
Minions,26790,656,Malikah's Well
Minions,26793,661,Akadaemia Anyder (Duty)
Minions,26795,689,Eden's Gate: Sepulture
Minions,26795,690,Eden's Gate: Sepulture (Savage)
Minions,26801,649,Dohn Mheg
Minions,26803,652,Amaurot (Duty)
Minions,26806,659,Mt. Gulg
Minions,28626,692,The Grand Cosmos
Minions,28629,700,The Copied Factory
Minions,28630,700,The Copied Factory
Minions,30088,688,The Dungeons of Lyhe Ghiah
Minions,30096,714,Anamnesis Anyder
Minions,30872,737,The Heroes' Gauntlet
Minions,30881,736,The Puppets' Bunker
Minions,30882,736,The Puppets' Bunker
Minions,32856,746,Matoya's Relict
Minions,32858,745,The Shifting Oubliettes of Lyhe Ghiah
Minions,33693,777,Paglth'an (Duty)
Minions,33697,779,The Tower at Paradigm's Breach
Minions,33701,779,The Tower at Paradigm's Breach
Minions,35973,784,The Stigma Dreamscape
Minions,35975,792,The Dead Ends
Minions,35979,789,Vanaspati
Minions,35981,794,Smileton
Minions,35982,786,The Aitiascope
Minions,35983,787,Ktisis Hyperboreia (Duty)
Minions,35988,800,Asphodelos: The Fourth Circle
Minions,35988,801,Asphodelos: The Fourth Circle (Savage)
Minions,36637,819,The Excitatron 6000
Minions,36854,844,Alzadaal's Legacy (Duty)
Minions,38451,868,The Sil'dihn Subterrane
Minions,38452,868,The Sil'dihn Subterrane
Minions,40369,822,The Aetherfont
Minions,40371,945,Mount Rokkon
Minions,40375,819,The Excitatron 6000
Minions,40376,909,The Shifting Gymnasion Agonon
Minions,40377,945,Mount Rokkon
Minions,40378,945,Mount Rokkon
Minions,41471,961,Aloalo Island
Minions,41486,961,Aloalo Island
Mount,6994,63,The Bowl of Embers (Extreme)
Mount,6994,65,The Howling Eye (Extreme)
Mount,6994,64,The Navel (Extreme)
Mount,7844,63,The Bowl of Embers (Extreme)
Mount,7845,65,The Howling Eye (Extreme)
Mount,7846,64,The Navel (Extreme)
Mount,7847,73,The Whorleater (Extreme)
Mount,8212,78,The Striking Tree (Extreme)
Mount,9354,80,Akh Afah Amphitheatre (Extreme)
Mount,12076,119,Alexander - The Burden of the Father (Savage)
Mount,14085,89,The Limitless Blue (Extreme)
Mount,14086,87,Thok ast Thok (Extreme)
Mount,14087,91,The Minstrel's Ballad: Thordan's Reign
Mount,14088,135,Containment Bay S1T7 (Extreme)
Mount,15432,170,The Minstrel's Ballad: Nidhogg's Rage
Mount,16562,184,Containment Bay P1T6 (Extreme)
Mount,16563,193,Alexander - The Soul of the Creator (Savage)
Mount,17007,224,Containment Bay Z1T9 (Extreme)
Mount,20549,264,Emanation (Extreme)
Mount,20550,244,The Pool of Tribute (Extreme)
Mount,20551,247,Ala Mhigo
Mount,20556,259,Deltascape V4.0 (Savage)
Mount,21047,278,The Minstrel's Ballad: Shinryu's Domain
Mount,21903,291,The Jade Stoa (Extreme)
Mount,21905,295,Sigmascape V4.0 (Savage)
Mount,22600,475,The Great Hunt (Extreme)
Mount,23020,538,The Minstrel's Ballad: Tsukuyomi's Pain
Mount,23984,597,Hells' Kier (Extreme)
Mount,23985,594,Alphascape V4.0 (Savage)
Mount,24219,598,"The Forbidden Land, Eureka Pyros"
Mount,24623,638,The Wreath of Snakes (Extreme)
Mount,24630,639,"The Forbidden Land, Eureka Hydatos"
Mount,26778,658,The Dancing Plague (Extreme)
Mount,26779,690,Eden's Gate: Sepulture (Savage)
Mount,26783,667,The Crown of the Immaculate (Extreme)
Mount,28121,693,The Minstrel's Ballad: Hades's Elegy
Mount,30105,718,Cinder Drift (Extreme)
Mount,30107,729,Eden's Verse: Refulgence (Savage)
Mount,30863,739,The Seat of Sacrifice (Extreme)
Mount,32839,759,Eden's Promise: Eternity (Savage)
Mount,32843,763,Castrum Marinum (Extreme)
Mount,32846,760,Delubrum Reginae
Mount,33685,782,The Cloud Deck (Extreme)
Mount,36000,803,The Minstrel's Ballad: Zodiark's Fall
Mount,36001,791,The Minstrel's Ballad: Hydaelyn's Call
Mount,36008,801,Asphodelos: The Fourth Circle (Savage)
Mount,36912,846,The Minstrel's Ballad: Endsinger's Aria
Mount,38463,884,Abyssos: The Eighth Circle (Savage)
Mount,38464,871,Storm's Crown (Extreme)
Mount,39492,924,Mount Ordeals (Extreme)
Mount,40385,943,Anabaseios: The Twelfth Circle (Savage)
Mount,40391,950,The Voidcast Dais (Extreme)
Mount,41493,965,The Abyssal Fracture (Extreme)
Mount,41499,979,Another Aloalo Island
Mount,41499,980,Another Aloalo Island (Savage)
Triple Triad,9773,10,The Wanderer's Palace
Triple Triad,9773,30,The Wanderer's Palace (Hard)
Triple Triad,9780,5,The Aurum Vale
Triple Triad,9782,13,Dzemael Darkhold
Triple Triad,9789,4,Sastasha
Triple Triad,9792,17,Pharos Sirius
Triple Triad,9793,81,The Dragon's Neck
Triple Triad,9794,14,Amdapor Keep
Triple Triad,9794,29,Amdapor Keep (Hard)
Triple Triad,9795,6,Haukke Manor
Triple Triad,9795,19,Haukke Manor (Hard)
Triple Triad,9796,12,Cutter's Cry
Triple Triad,9797,11,The Stone Vigil
Triple Triad,9797,25,The Stone Vigil (Hard)
Triple Triad,9810,76,Battle on the Big Bridge
Triple Triad,9811,63,The Bowl of Embers (Extreme)
Triple Triad,9811,59,The Bowl of Embers (Hard)
Triple Triad,9812,64,The Navel (Extreme)
Triple Triad,9812,60,The Navel (Hard)
Triple Triad,9813,65,The Howling Eye (Extreme)
Triple Triad,9813,61,The Howling Eye (Hard)
Triple Triad,9814,67,Thornmarch (Extreme)
Triple Triad,9814,66,Thornmarch (Hard)
Triple Triad,9822,68,The Minstrel's Ballad: Ultima's Bane
Triple Triad,9823,82,Urth's Fount (Trial)
Triple Triad,9824,78,The Striking Tree (Extreme)
Triple Triad,9824,77,The Striking Tree (Hard)
Triple Triad,9825,73,The Whorleater (Extreme)
Triple Triad,9825,72,The Whorleater (Hard)
Triple Triad,9826,80,Akh Afah Amphitheatre (Extreme)
Triple Triad,9826,79,Akh Afah Amphitheatre (Hard)
Triple Triad,9841,111,The World of Darkness
Triple Triad,9843,85,Battle in the Big Keep
Triple Triad,9844,81,The Dragon's Neck
Triple Triad,12260,36,The Dusk Vigil
Triple Triad,12261,37,Sohm Al
Triple Triad,12271,39,The Aery
Triple Triad,12271,169,The Final Steps of Faith
Triple Triad,12271,170,The Minstrel's Ballad: Nidhogg's Rage
Triple Triad,12274,87,Thok ast Thok (Extreme)
Triple Triad,12274,86,Thok ast Thok (Hard)
Triple Triad,12275,89,The Limitless Blue (Extreme)
Triple Triad,12275,88,The Limitless Blue (Hard)
Triple Triad,12279,31,The Great Gubal Library
Triple Triad,13369,40,Pharos Sirius (Hard)
Triple Triad,13370,41,Saint Mocianne's Arboretum
Triple Triad,13371,120,The Void Ark
Triple Triad,13375,34,The Vault
Triple Triad,13379,91,The Minstrel's Ballad: Thordan's Reign
Triple Triad,14195,27,Snowcloak
Triple Triad,14196,28,Sastasha (Hard)
Triple Triad,14198,30,The Wanderer's Palace (Hard)
Triple Triad,14199,29,Amdapor Keep (Hard)
Triple Triad,14200,141,The Antitower
Triple Triad,14201,140,The Lost City of Amdapor (Hard)
Triple Triad,14202,92,Labyrinth of the Ancients
Triple Triad,14205,102,Syrcus Tower
Triple Triad,14206,139,Alexander - The Burden of the Son
Triple Triad,14206,150,Alexander - The Burden of the Son (Savage)
Triple Triad,14207,134,Containment Bay S1T7
Triple Triad,14207,135,Containment Bay S1T7 (Extreme)
Triple Triad,14210,111,The World of Darkness
Triple Triad,15621,33,Neverreap
Triple Triad,15622,35,The Fractal Continuum
Triple Triad,15623,172,Hullbreaker Isle (Hard)
Triple Triad,15871,168,The Weeping City of Mhach
Triple Triad,15872,171,Sohr Khai
Triple Triad,16764,196,The Great Gubal Library (Hard)
Triple Triad,16765,182,Xelphatol
Triple Triad,16766,189,Alexander - The Soul of the Creator
Triple Triad,16771,183,Containment Bay P1T6
Triple Triad,16771,184,Containment Bay P1T6 (Extreme)
Triple Triad,17680,221,Sohm Al (Hard)
Triple Triad,17683,219,Baelsar's Wall
Triple Triad,17685,220,Dun Scaith
Triple Triad,17688,223,Containment Bay Z1T9
Triple Triad,17688,224,Containment Bay Z1T9 (Extreme)
Triple Triad,20247,243,The Pool of Tribute
Triple Triad,20247,244,The Pool of Tribute (Extreme)
Triple Triad,20248,263,Emanation
Triple Triad,20248,264,Emanation (Extreme)
Triple Triad,20249,241,Doma Castle
Triple Triad,20254,278,The Minstrel's Ballad: Shinryu's Domain
Triple Triad,20254,239,The Royal Menagerie
Triple Triad,21184,279,The Drowned City of Skalla
Triple Triad,21186,281,The Royal City of Rabanastre
Triple Triad,21187,281,The Royal City of Rabanastre
Triple Triad,22381,285,The Fractal Continuum (Hard)
Triple Triad,22383,284,Hells' Lid (Duty)
Triple Triad,22384,290,The Jade Stoa
Triple Triad,22384,291,The Jade Stoa (Extreme)
Triple Triad,23047,536,The Swallow's Compass (Duty)
Triple Triad,23049,639,"The Forbidden Land, Eureka Hydatos"
Triple Triad,23049,581,"The Forbidden Land, Eureka Pagos"
Triple Triad,23049,598,"The Forbidden Land, Eureka Pyros"
Triple Triad,23051,537,Castrum Fluminis (Duty)
Triple Triad,23051,538,The Minstrel's Ballad: Tsukuyomi's Pain
Triple Triad,23052,550,The Ridorana Lighthouse
Triple Triad,23909,584,Saint Mocianne's Arboretum (Hard)
Triple Triad,23910,585,The Burn
Triple Triad,23911,596,Hells' Kier
Triple Triad,23911,597,Hells' Kier (Extreme)
Triple Triad,23916,589,Alphascape V3.0
Triple Triad,23916,590,Alphascape V4.0
Triple Triad,23916,594,Alphascape V4.0 (Savage)
Triple Triad,24872,611,The Ghimlyt Dark
Triple Triad,24874,637,The Wreath of Snakes
Triple Triad,24874,638,The Wreath of Snakes (Extreme)
Triple Triad,24877,595,Kugane Ohashi
Triple Triad,26765,676,Holminster Switch
Triple Triad,26766,658,The Dancing Plague (Extreme)
Triple Triad,26767,651,The Qitana Ravel
Triple Triad,26768,656,Malikah's Well
Triple Triad,26772,666,The Crown of the Immaculate
Triple Triad,26772,667,The Crown of the Immaculate (Extreme)
Triple Triad,26776,687,The Dying Gasp
Triple Triad,26776,693,The Minstrel's Ballad: Hades's Elegy
Triple Triad,28659,692,The Grand Cosmos
Triple Triad,28662,700,The Copied Factory
Triple Triad,29711,714,Anamnesis Anyder
Triple Triad,29712,717,Cinder Drift
Triple Triad,29712,718,Cinder Drift (Extreme)
Triple Triad,31349,736,The Puppets' Bunker
Triple Triad,31350,738,The Seat of Sacrifice
Triple Triad,31350,739,The Seat of Sacrifice (Extreme)
Triple Triad,33015,746,Matoya's Relict
Triple Triad,33021,763,Castrum Marinum (Extreme)
Triple Triad,33021,762,Castrum Marinum (Trial)
Triple Triad,33024,758,Eden's Promise: Eternity
Triple Triad,33024,759,Eden's Promise: Eternity (Savage)
Triple Triad,33333,777,Paglth'an (Duty)
Triple Triad,33339,781,The Cloud Deck
Triple Triad,33339,782,The Cloud Deck (Extreme)
Triple Triad,33341,779,The Tower at Paradigm's Breach
Triple Triad,36271,787,Ktisis Hyperboreia (Duty)
Triple Triad,36273,808,Asphodelos: The First Circle
Triple Triad,36273,809,Asphodelos: The First Circle (Savage)
Triple Triad,36274,783,The Tower of Zot
Triple Triad,36275,796,The Final Day
Triple Triad,36275,846,The Minstrel's Ballad: Endsinger's Aria
Triple Triad,36277,785,The Tower of Babil
Triple Triad,36282,802,The Dark Inside
Triple Triad,36282,803,The Minstrel's Ballad: Zodiark's Fall
Triple Triad,36283,791,The Minstrel's Ballad: Hydaelyn's Call
Triple Triad,36283,790,The Mothercrystal
Triple Triad,37334,844,Alzadaal's Legacy (Duty)
Triple Triad,37339,866,Aglaia
Triple Triad,38431,868,The Sil'dihn Subterrane
Triple Triad,38432,868,The Sil'dihn Subterrane
Triple Triad,38433,869,The Fell Court of Troia
Triple Triad,38435,868,The Sil'dihn Subterrane
Triple Triad,38437,870,Storm's Crown
Triple Triad,38437,871,Storm's Crown (Extreme)
Triple Triad,38439,883,Abyssos: The Eighth Circle
Triple Triad,38439,884,Abyssos: The Eighth Circle (Savage)
Triple Triad,39373,911,Euphrosyne
Triple Triad,39374,896,Lapis Manalis
Triple Triad,39375,886,Mount Ordeals
Triple Triad,39375,924,Mount Ordeals (Extreme)
Triple Triad,40605,822,The Aetherfont
Triple Triad,40608,945,Mount Rokkon
Triple Triad,40610,945,Mount Rokkon
Triple Triad,40611,949,The Voidcast Dais
Triple Triad,40611,950,The Voidcast Dais (Extreme)
Triple Triad,40612,942,Anabaseios: The Twelfth Circle
Triple Triad,41381,961,Aloalo Island
Triple Triad,41382,961,Aloalo Island
Triple Triad,41383,961,Aloalo Island
Triple Triad,41385,961,Aloalo Island
Triple Triad,41393,823,The Lunar Subterrane
Triple Triad,41394,962,Thaleia
Triple Triad,41396,964,The Abyssal Fracture
Triple Triad,41396,965,The Abyssal Fracture (Extreme)
