{
  "Author": "Seventh",
  "Name": "Collections",
  "InternalName": "Collections",
  "AssemblyVersion": "1.0.2.10",
  "Description": "Collections 提供了一种跟踪、发现和与游戏中的收藏互动的界面。\n 与幻化系统（预览、创建套装）集成。\n 支持：幻化、坐骑、宠物、情感动作、发型、幻卡、青魔法、鸟甲、肖像教材、乐谱、套装、时尚配饰、眼镜。",
  "ApplicableVersion": "any",
  "RepoUrl": "https://github.com/yimo0908/Collections",
  "Tags": [
    "collections",
    "glamour",
    "mounts",
    "minions",
    "Utility",
    "Other"
  ],
  "DalamudApiLevel": 13,
  "LoadRequiredState": 0,
  "LoadSync": false,
  "CanUnloadAsync": false,
  "LoadPriority": 0,
  "ImageUrls": [
    "https://github.com/Seventhxiv/Collections/assets/140892523/2762dfed-e9c7-46a5-aaf5-d395aa62ce22",
    "https://github.com/Seventhxiv/Collections/assets/140892523/d81ae15a-a91e-4af6-8a34-7f7c121f68f6"
  ],
  "IconUrl": "https://xivapi.com/img-misc/061643.png",
  "Punchline": "追踪、发现并与游戏中的收藏互动",
  "AcceptsFeedback": true
}