{
  "Author": "KirisameVanilla",
  "Name": "SpecialWeaponProgressOverview",
  "InternalName": "SpecialWeaponProgressOverview",
  "AssemblyVersion": "0.0.0.2",
  "Description": "一个用来检测和快速查询肝武进度的小工具。\n（如肝武放置在雇员身上则需要官库的Allagan Tools）",
  "ApplicableVersion": "any",
  "Tags": [
    "Bozja",
    "Weapon",
    "Eureka"
  ],
  "DalamudApiLevel": 13,
  "LoadRequiredState": 0,
  "LoadSync": false,
  "CanUnloadAsync": false,
  "LoadPriority": 0,
  "Punchline": "一个用来检测和快速查询肝武进度的小工具。",
  "AcceptsFeedback": true
}